u_q,u_d,i_q,i_d,ambient,coolant,motor_speed
86.47,-98.28,54.14,-132.64,25.71,65.04,4999.95
15.38,-130.06,76.2,-206.0,22.84,40.76,4999.96
69.0,110.74,-82.55,-147.74,23.68,33.27,4576.69
24.48,-12.74,70.8,-15.49,24.32,65.76,501.14
30.76,-127.4,83.75,-191.78,19.93,18.71,4499.96
8.79,-9.8,242.42,-122.97,22.43,18.06,99.98
17.31,-31.84,231.62,-114.02,26.37,49.92,445.01
83.1,-85.31,132.62,-43.51,23.4,18.99,1999.98
43.01,121.06,-127.81,-156.33,25.19,44.17,3283.47
0.65,2.69,1.1,-2.0,26.38,46.54,-0.0
61.81,-64.31,132.62,-43.51,24.98,49.76,1499.98
68.12,-112.32,186.72,-81.95,25.07,49.8,1999.97
7.98,-7.49,188.41,-79.94,23.26,18.03,100.03
66.08,113.73,-102.07,-131.85,28.16,56.11,3729.95
62.05,-109.0,58.05,-165.16,26.54,91.19,5372.58
125.48,-29.38,13.3,-100.23,27.75,45.8,5121.05
61.72,-115.08,85.82,-156.33,21.1,18.68,3999.97
80.02,-104.22,101.55,-98.27,27.1,75.5,3034.53
1.13,0.78,1.1,-2.0,27.89,49.73,-0.01
89.05,-94.53,53.24,-139.68,23.15,18.26,4999.95
-0.92,-0.53,1.1,-2.0,25.98,53.71,0.0
87.37,-96.39,53.43,-137.92,23.59,19.28,4999.94
47.4,-0.67,1.1,-2.0,23.07,35.05,959.25
36.76,-125.59,78.85,-183.83,26.38,46.05,4650.67
23.64,-22.07,132.62,-43.51,23.58,18.49,500.01
7.66,-5.41,132.62,-43.51,21.7,19.23,100.01
131.57,-5.41,1.05,-82.19,22.27,18.84,4499.96
12.14,0.91,1.1,-2.0,23.15,18.73,249.99
8.19,-7.61,188.41,-79.94,23.15,18.46,100.03
21.31,-2.82,15.77,-2.98,22.18,18.72,419.99
106.05,53.24,-57.01,-21.41,26.38,65.47,2624.04
120.38,-49.92,42.89,-45.02,26.58,29.24,3170.27
93.93,-78.15,102.89,-29.03,28.04,91.09,2270.99
99.79,-82.59,48.79,-115.23,27.05,39.29,4572.32
119.17,-47.63,34.98,-72.99,23.0,18.74,3708.91
24.43,0.22,1.1,-2.0,25.54,18.47,499.98
18.25,-129.46,118.33,-208.27,26.7,39.63,3428.19
-0.9,-0.59,1.1,-2.0,25.78,45.51,-0.0
18.89,-30.05,210.49,-94.52,26.38,80.24,458.21
-2.12,0.57,0.71,-2.17,26.35,50.51,3.72
21.08,-129.55,99.4,-205.22,24.33,18.41,3999.95
49.0,13.65,-34.26,-4.25,22.7,18.61,1064.98
128.9,8.71,-8.16,-74.92,24.12,86.94,4344.22
27.13,-128.43,193.54,-197.18,19.16,20.12,2249.99
93.95,-92.11,126.19,-40.17,23.26,18.81,2249.97
13.71,-11.54,132.62,-43.51,23.12,18.21,249.99
92.98,-48.41,70.79,-15.49,22.56,34.92,1999.99
129.78,-8.1,0.63,-107.08,24.84,19.32,5499.95
24.69,6.04,-28.65,-3.25,26.28,49.73,566.48
6.5,1.37,1.1,-2.0,26.75,64.52,149.95
48.84,13.71,-34.26,-4.25,22.97,18.4,1065.0
7.25,22.08,-205.92,-84.3,25.77,39.63,408.92
1.17,0.29,1.1,-2.0,24.02,28.27,0.0
128.75,5.22,-6.71,-98.45,25.9,34.61,5160.75
119.76,52.0,-41.39,-73.19,26.39,29.29,3867.55
33.92,12.28,-43.59,-7.76,25.81,49.8,789.9
4.79,-1.51,50.77,-9.13,22.62,18.64,59.99
75.91,-104.8,46.97,-155.97,23.98,18.11,5999.93
3.98,1.52,1.1,-2.0,22.36,18.7,100.01
26.17,40.73,-159.14,-54.99,24.21,49.8,859.86
-0.88,3.34,1.1,-2.0,22.19,38.27,0.0
127.87,24.46,-17.94,-92.81,26.41,56.06,4949.83
77.33,-45.49,74.02,-17.09,28.01,60.08,1742.13
83.75,-84.58,132.62,-43.51,23.32,18.16,1999.98
8.19,-7.59,188.41,-79.94,23.17,18.19,99.97
-0.99,3.34,1.1,-2.0,24.79,38.38,-0.0
44.64,-122.75,67.81,-178.21,23.21,19.3,5119.95
6.45,1.37,1.1,-2.0,26.38,64.54,149.93
125.94,-37.6,25.69,-51.4,27.91,70.29,3688.58
0.81,-0.46,1.1,-2.0,26.38,28.13,-0.0
97.27,79.58,-48.57,-145.49,25.69,27.29,5827.58
1.11,0.29,0.94,-2.18,25.82,28.76,6.92
3.87,-130.72,114.38,-221.57,23.03,22.76,3499.97
86.34,-98.12,53.92,-134.28,24.95,49.17,4999.95
124.3,38.71,-28.02,-82.99,27.99,44.7,4420.52
68.7,110.02,-68.48,-157.53,26.11,90.1,5735.54
122.38,-47.6,31.15,-76.09,24.9,38.4,3999.96
4.41,-130.58,113.97,-220.11,23.26,23.21,3499.97
23.69,51.78,-196.87,-76.73,27.09,40.93,925.02
52.07,-81.03,177.2,-70.6,27.08,69.77,1467.97
131.45,-0.18,-2.11,-64.6,28.29,59.26,4034.22
0.48,-0.53,1.04,-2.02,23.24,44.07,19.05
50.51,-121.16,209.15,-125.71,24.97,49.0,1985.33
123.3,-28.95,29.94,-4.82,22.0,19.05,2599.98
28.72,-127.79,92.49,-194.5,19.85,19.5,4149.97
48.9,13.68,-34.26,-4.25,22.62,18.58,1064.98
127.24,27.93,-25.23,-18.21,26.38,25.16,2958.47
126.82,33.43,-27.76,-59.16,24.79,30.44,3709.0
44.0,23.58,-67.22,-13.29,23.13,33.6,1026.61
73.48,-0.25,1.1,-2.0,23.77,18.39,1499.99
0.75,2.64,1.1,-2.0,26.38,56.11,-0.0
106.48,76.74,-55.3,-102.99,26.38,77.71,4518.18
9.38,22.55,-185.27,-69.31,26.38,88.74,452.78
130.9,-11.86,8.26,-30.51,25.71,28.5,3265.15
129.78,-8.12,0.63,-107.3,23.17,18.8,5499.95
3.47,-130.75,114.72,-222.6,22.41,22.61,3499.97
65.49,-114.2,174.79,-96.96,25.6,81.49,2174.61
130.09,0.38,-3.96,-91.43,26.69,86.18,5149.38
8.15,-7.61,188.41,-79.94,22.46,18.31,99.97
130.26,-8.66,0.84,-98.83,25.56,19.37,5499.95
